{"cameraMode":{"drawMode":0,"name":"Shaded","section":"Shading Mode"},"sceneLighting":true,"audioPlay":false,"sceneViewState":{"showFog":true,"showMaterialUpdate":false,"showSkybox":true,"showFlares":true,"showImageEffects":true,"showParticleSystems":true},"in2DMode":false,"pivot":{"x":1.7881393432617188e-7,"y":0.8664479851722717,"z":-0.23686429858207704},"rotation":{"x":0.12001655250787735,"y":-0.008943982422351838,"z":0.0010443204082548619,"w":0.9927423596382141},"size":1.3763729333877564,"orthographic":false}